{"modularity":0.9856401130667514,"n_nodes":19798,"n_edges":15699,"n_communities":6799,"cross_community_edge_ratio":0.009211725759247709,"largest_community_share":0.026871401151631478}